{"Alabama": {"west": -88.471115, "south": 30.247195, "east": -84.889196, "north": 35.00118}, "Alaska": {"west": -178.123152, "south": 51.61274, "east": 173.304726, "north": 71.351633}, "Arizona": {"west": -114.815198, "south": 31.331629, "east": -109.042503, "north": 37.00574}, "Arkansas": {"west": -94.616242, "south": 33.002096, "east": -89.730812, "north": 36.501861}, "California": {"west": -124.410798, "south": 32.536556, "east": -114.136058, "north": 42.011663}, "Colorado": {"west": -109.058934, "south": 36.994786, "east": -102.042974, "north": 41.003906}, "Connecticut": {"west": -73.727192, "south": 40.987475, "east": -71.799309, "north": 42.050002}, "Delaware": {"west": -75.786521, "south": 38.451652, "east": -75.047134, "north": 39.831841}, "Florida": {"west": -87.633143, "south": 25.120779, "east": -80.03115, "north": 31.003013}, "Georgia": {"west": -85.606675, "south": 30.356734, "east": -80.885553, "north": 35.00118}, "Hawaii": {"west": -159.764448, "south": 18.948267, "east": -154.807817, "north": 22.228955}, "Idaho": {"west": -117.241483, "south": 41.995232, "east": -111.047063, "north": 49.000239}, "Illinois": {"west": -91.50534, "south": 36.983832, "east": -87.49622, "north": 42.510065}, "Indiana": {"west": -88.060345, "south": 37.788942, "east": -84.801565, "north": 41.759724}, "Iowa": {"west": -96.631756, "south": 40.379535, "east": -90.141582, "north": 43.501391}, "Kansas": {"west": -102.053927, "south": 36.994786, "east": -94.610765, "north": 40.001626}, "Kentucky": {"west": -89.418626, "south": 36.496384, "east": -81.969987, "north": 39.103408}, "Louisiana": {"west": -94.041164, "south": 29.009407, "east": -89.002379, "north": 33.018527}, "Maine": {"west": -71.08183, "south": 43.057759, "east": -66.979601, "north": 47.461219}, "Maryland": {"west": -79.488933, "south": 37.909435, "east": -75.047134, "north": 39.722302}, "Massachusetts": {"west": -73.508114, "south": 41.496831, "east": -69.937149, "north": 42.887974}, "Michigan": {"west": -90.415429, "south": 41.694001, "east": -82.413619, "north": 48.173221}, "Minnesota": {"west": -97.228743, "south": 43.501391, "east": -89.615796, "north": 49.383625}, "Mississippi": {"west": -91.636787, "south": 30.181472, "east": -88.098683, "north": 34.995703}, "Missouri": {"west": -95.7664, "south": 35.997983, "east": -89.133825, "north": 40.615043}, "Montana": {"west": -116.04751, "south": 44.394132, "east": -104.042057, "north": 49.000239}, "Nebraska": {"west": -104.053011, "south": 40.001626, "east": -95.306337, "north": 43.002989}, "Nevada": {"west": -120.001861, "south": 35.00118, "east": -114.04295, "north": 42.000709}, "New Hampshire": {"west": -72.544173, "south": 42.696281, "east": -70.703921, "north": 45.303304}, "New Jersey": {"west": -75.561967, "south": 38.993869, "east": -73.902454, "north": 41.359907}, "New Mexico": {"west": -109.04798, "south": 31.331629, "east": -103.001438, "north": 37.000263}, "New York": {"west": -79.76278, "south": 40.543843, "east": -72.100541, "north": 45.018503}, "North Carolina": {"west": -84.319594, "south": 33.845545, "east": -75.715321, "north": 36.589492}, "North Dakota": {"west": -104.047534, "south": 45.933153, "east": -96.560556, "north": 49.000239}, "Ohio": {"west": -84.817996, "south": 38.424267, "east": -80.518598, "north": 41.978802}, "Oklahoma": {"west": -103.001438, "south": 33.637421, "east": -94.430026, "north": 37.000263}, "Oregon": {"west": -124.553198, "south": 41.989755, "east": -116.463758, "north": 46.261769}, "Pennsylvania": {"west": -80.518598, "south": 39.722302, "east": -74.69661, "north": 42.269079}, "Rhode Island": {"west": -71.859555, "south": 41.321569, "east": -71.120168, "north": 42.01714}, "South Carolina": {"west": -83.339222, "south": 32.032678, "east": -78.541422, "north": 35.198349}, "South Dakota": {"west": -104.058488, "south": 42.488157, "east": -96.434587, "north": 45.944106}, "Tennessee": {"west": -90.311367, "south": 34.984749, "east": -81.679709, "north": 36.677123}, "Texas": {"west": -106.643603, "south": 25.887551, "east": -93.526331, "north": 36.501861}, "Utah": {"west": -114.048427, "south": 37.000263, "east": -109.042503, "north": 42.000709}, "Vermont": {"west": -73.436914, "south": 42.729142, "east": -71.4926, "north": 45.013027}, "Virginia": {"west": -83.673316, "south": 36.5402, "east": -75.244304, "north": 39.464886}, "Washington": {"west": -124.706553, "south": 45.549767, "east": -116.918344, "north": 49.000239}, "West Virginia": {"west": -82.621743, "south": 37.20291, "east": -77.719881, "north": 40.636951}, "Wisconsin": {"west": -92.885529, "south": 42.493634, "east": -87.03068, "north": 46.95734}, "Wyoming": {"west": -111.05254, "south": 40.998429, "east": -104.053011, "north": 45.002073}}